,radius,35,y,x
Circle,inf,3.6555,13.36268025,0.0
Bar 1,0.0577,3.3526,11.23992676,300.36434194678145
Bar 2,0.0515,2.8539,8.14474521,377.0383636535018
Bar 3,0.0451,2.5512,6.508621440000001,491.6396674549289
Bar 4,0.03875,2.1494,4.61992036,665.9729448491155
Bar 5,0.0324,1.9481,3.79509361,952.5986892242038
Straight line current,0.03,0.3477,0.12089529,1111.111111111111
